time_sampling,stoc_pol_mean,stoc_pol_std,stoc_pol_max,stoc_pol_min,alpha,delta,time_vpg,time_npg,kl_dist,surr_improvement,running_score,time_VF,VF_error_before,VF_error_after,eval_score
155.76151180267334,2852.3721584360624,1854.0927486323396,10408.860537791277,-7.208069029678663,1,0.1,0.06986236572265625,0.9674825668334961,0.0100692045,0.00019840775,2852.3721584360624,3.92231822013855,0.05538415266137439,0.03449477090881092,2611.581392531018
153.32176685333252,3025.3356679004237,2265.560583560222,10978.903867107614,-7.282749739888415,0,0.1,0.0704963207244873,0.9787371158599854,0.0,0.0,2869.6685093824985,4.062453508377075,0.0477966114665974,0.03412953310908973,2796.4905383582127
149.31840229034424,2929.3911298043986,1999.7064674417363,9516.785601095986,-6.978252138901963,1,0.1,0.08474540710449219,1.0062131881713867,0.0099443495,0.00021455383,2875.6407714246884,3.913861036300659,0.051824691526819316,0.0411566524183553,3245.8088468788083
147.91600394248962,2813.6975299195856,2037.8445393728862,11118.156807345273,-7.530887330856692,0,0.1,0.0694117546081543,0.9951550960540771,0.0,0.0,2869.4464472741784,4.288906097412109,0.053160432378216105,0.03422947983350141,2637.186438587464
152.78600788116455,2946.4121609268277,2038.2211525391785,10318.005775563628,-7.368289676839048,0,0.1,0.06937623023986816,0.9762532711029053,0.0,0.0,2877.1430186394437,4.395725965499878,0.041240715028227355,0.031027985551952905,3197.9058585574944
155.21386456489563,3069.075793306265,2169.7989248245663,11595.288003683088,-7.3348795946194,0,0.1,0.06935405731201172,1.0023765563964844,0.0,0.0,2896.3362961061257,5.042728662490845,0.047872208814319854,0.03814781211341729,3070.8187918462245
156.34865593910217,3078.4526177743146,2113.4660002825326,9639.786455285295,2.132899281034746,0,0.1,0.06924819946289062,0.9964377880096436,0.0,0.0,2914.547928272945,3.8789594173431396,0.044182016514318856,0.026848365502042042,3513.293562395336
153.14279317855835,2725.3378077341977,1815.055010270254,9385.63153562431,-6.155023009735511,0,0.1,0.0841531753540039,0.970090389251709,0.0,0.0,2895.62691621907,4.354328155517578,0.04910646097721632,0.03468602161361523,2567.0004549068462
155.1832435131073,3350.49494076318,2127.4673655704532,11404.374616092338,-3.969276717678103,1,0.1,0.06968021392822266,0.9775843620300293,0.01009192,0.00016394196,2941.113718673481,3.958475112915039,0.04110735275192175,0.030108756043370186,2945.8395825540088
149.2921531200409,3128.652108964785,2308.7830541212693,12771.24561377632,-7.058607042912158,1,0.1,0.08519291877746582,1.0095717906951904,0.010010722,0.0006860435,2959.867557702611,3.9785573482513428,0.045906323856230016,0.030186148090823862,2645.922164522436
151.0846209526062,3092.009546217675,2239.5854165610767,12681.432045497028,-7.586227744766085,1,0.1,0.08724117279052734,1.0007119178771973,0.010114539,0.00017412797,2973.0817565541174,4.762527942657471,0.04406887723791391,0.03266435341702411,3111.1432955738555
153.28404879570007,2923.011943379368,1833.284028235134,8518.788516570137,-7.385155334582499,1,0.1,0.08645820617675781,0.9985918998718262,0.009946419,0.0013240081,2968.074775236643,3.8544740676879883,0.06278820335506008,0.05042909155912565,4144.4580879912255
152.48370790481567,3013.6443451598566,2043.8270231292972,11167.063252465949,-6.621277955355202,0,0.1,0.08339500427246094,0.9895532131195068,0.0,0.0,2972.631732228964,3.8745834827423096,0.057121903622827694,0.03631990475600603,3137.405916387199
152.78349137306213,3032.952149970924,2031.1812879307768,10272.089886057767,-5.154591147056804,1,0.1,0.0723104476928711,0.960637092590332,0.010137581,0.0002880066,2978.66377400316,3.82635760307312,0.04454666954119874,0.03282750185530741,2483.0868954768025
149.8724410533905,2766.936699254897,2030.7623609374068,10888.357022821401,-7.445545755089141,0,0.1,0.0778200626373291,0.9774003028869629,0.0,0.0,2957.491066528334,3.961911916732788,0.04570416277964915,0.029894007046199298,3086.286204120407
152.3729703426361,2867.7923729481804,1951.1541751660202,8974.012566194519,-7.106241217661702,1,0.1,0.06965303421020508,0.9699249267578125,0.009935023,0.00092028413,2948.521197170319,3.9359254837036133,0.052778517808928366,0.0326042373238962,3041.241094628435
151.07827615737915,2852.5190053116485,1843.4689315231549,8425.35047350993,-14.068936358270216,1,0.1,0.06945967674255371,0.9758920669555664,0.010065344,0.00065837253,2938.920977984452,4.1347410678863525,0.05350104197653443,0.03735307342856411,3089.794506832995
149.79818391799927,2950.9380115872113,2110.2446568841856,11363.403148193784,-7.582699620289661,1,0.1,0.08378911018371582,0.9965274333953857,0.00996361,0.00060754316,2940.1226813447274,3.8972699642181396,0.04557503900065701,0.03181044812406116,3226.9710380701194
153.30242347717285,3104.0846385888303,2158.7967296885804,10562.275975821214,-7.682522902853963,0,0.1,0.07438278198242188,0.9931735992431641,0.0,0.0,2956.5188770691375,3.906467914581299,0.03880254767663764,0.027656918956548135,2892.1837447856133
151.30170726776123,3082.6586455050547,2263.002135085524,12211.722809976123,-7.054295844127127,1,0.1,0.08218264579772949,0.9951188564300537,0.010111355,0.0005300972,2969.132853912729,3.8230676651000977,0.05169073828671218,0.029752673376427004,4264.046679350334
148.86957001686096,2797.8883039712146,1912.7472290299895,10606.928802258999,-5.773116837383175,1,0.1,0.07089114189147949,0.9662666320800781,0.009954185,0.0010308181,2952.0083989185773,4.323066711425781,0.051459037835810385,0.032463427389048366,3139.015309425107
152.06909251213074,3012.2012582949806,2054.981859621388,12230.634879741752,-7.876692481303553,0.25,0.1,0.07085943222045898,0.9722433090209961,0.0006265914,2.8385924e-05,2958.0276848562175,3.8567185401916504,0.03893813099880125,0.02825578581872334,2921.298981960043
151.2527174949646,2911.492709876257,2090.4733336363897,11287.089888027167,-7.460952531110989,1,0.1,0.06843280792236328,1.0095033645629883,0.01006897,0.0005865051,2953.3741873582217,3.882026195526123,0.044337450881488376,0.0315091622325243,3277.67023473469
153.51645922660828,2839.109497530501,2030.6485413946398,9585.710468273006,-2.9327664469809602,1,0.1,0.07362127304077148,0.9716310501098633,0.009802613,0.0002800003,2941.9477183754498,3.659392833709717,0.03962027798113349,0.0288774297891841,4049.444027838056
152.29871201515198,2914.4857898363675,1828.3425861703265,11469.273932957785,-7.230597105199242,1,0.1,0.08246088027954102,0.9983251094818115,0.010124998,0.002406888,2939.2015255215415,4.303175926208496,0.03605749895627061,0.02812572463765841,2580.600925330523
155.31520771980286,2799.0537110714276,1792.4769620889613,12097.376938203724,-7.343725907247044,0,0.1,0.07705283164978027,0.9993276596069336,0.0,0.0,2925.1867440765304,3.9477744102478027,0.043289090140052604,0.03048451275160031,3443.61631709592
154.78000807762146,3199.9337244259996,2121.8662242309856,10318.277030445559,-7.194022385680039,0,0.1,0.08491730690002441,0.9888954162597656,0.0,0.0,2952.6614421114773,4.049025297164917,0.04329058633975503,0.03188371424080256,3620.3699761566086
150.83419013023376,2803.2069142374407,1886.9941135843408,12670.276463513725,-6.719884488065191,0,0.1,0.07944059371948242,0.9826211929321289,0.0,0.0,2937.7159893240737,3.8701114654541016,0.04882738962556613,0.028871976058958713,3242.5239907913256
149.61451935768127,2877.955214761172,2099.822081668792,13807.322676584869,-3.3835251148329433,1,0.1,0.07660174369812012,0.9629433155059814,0.00991937,0.00054097903,2931.7399118677836,3.557969331741333,0.046228866002908174,0.030950812659665823,2952.168012046466
155.08264064788818,3010.0134604385657,1928.738661392401,12364.047004427808,-3.1884288568534593,1,0.1,0.07075786590576172,0.967172384262085,0.010150437,0.00026291885,2939.567266724862,3.7982177734375,0.03929748584082975,0.02774241106470288,3081.7210778824438
151.72535157203674,2786.887913207164,1810.3487016120628,7787.095351607634,-1.0738256386893799,0,0.1,0.06955528259277344,0.9752042293548584,0.0,0.0,2924.299331373092,3.818110704421997,0.047484354030523125,0.03624240462365374,3243.73258483998
152.80120706558228,2687.013936069573,1993.6975929604919,10381.226272888096,-7.380194252179333,0.5,0.1,0.0707406997680664,0.9708831310272217,0.0024919547,8.136139e-05,2900.5707918427406,4.153005123138428,0.0426356108629116,0.02866261031322261,3167.385367289188
152.78422951698303,2745.2862284679322,1774.2508101421197,12092.756998142188,-7.500692618438599,1,0.1,0.07001304626464844,0.9693088531494141,0.009857952,0.0017093794,2885.04233550526,3.933366537094116,0.041870412257750934,0.03068673364124446,3052.9682163193165
153.72530388832092,3020.214465643781,2046.4937388989538,13342.243552315695,-18.48967062183053,0,0.1,0.07639455795288086,0.9680826663970947,0.0,0.0,2898.559548519112,4.005897521972656,0.03708808428268934,0.027185580893025602,2705.11141601629
153.21146631240845,2710.266560517094,1868.495793630649,9449.8966970637,-7.400741072579002,0.5,0.1,0.0839381217956543,0.9737038612365723,0.0025005757,0.00013254395,2879.7302497189103,4.014348268508911,0.043984677445557126,0.031253838319498,2503.742335974869
152.93546080589294,2885.8203065462403,1952.7492594004589,9735.14799635969,-3.6656836320999147,1,0.1,0.08257102966308594,0.9654827117919922,0.0101651875,0.00070346333,2880.339255401643,3.8782362937927246,0.0468977840416125,0.03998441499720738,2738.905912908674
154.47916078567505,2931.7353431009024,1975.4002653263417,10532.417081772004,-7.186921688739106,1,0.1,0.08232831954956055,0.9642605781555176,0.009573242,0.0011193787,2885.4788641715695,3.9061849117279053,0.054215609410415554,0.040749881501283794,3183.484377241811
149.2314579486847,2595.2741555377706,1814.2915959924596,9066.517333721698,-1.0353986544512586,1,0.1,0.07794022560119629,0.9546642303466797,0.010384098,0.0010186087,2856.45839330819,3.8595669269561768,0.06321299691704693,0.03343325594046196,3342.341225586389
153.63323330879211,2567.2996541716007,1699.5774296881825,7902.46895043458,-7.59438808079038,1,0.1,0.07213473320007324,0.9638180732727051,0.010171639,0.0003077511,2827.542519394531,4.008487701416016,0.04405740160455364,0.02627003563234485,2878.5091449791175
150.07782196998596,2836.0665961167333,2136.1506317634985,13006.297333207094,-7.017928057218992,1,0.1,0.0770421028137207,0.9467849731445312,0.010146705,0.0008228992,2828.3949270667517,3.874971866607666,0.04743411454752219,0.03444544106201042,2665.3794020723976
151.12257051467896,2588.2178001352154,1731.4643802406783,9860.49211730995,-6.982466029681958,1,0.1,0.0706329345703125,0.9438555240631104,0.009880136,0.0005462158,2804.3772143735982,4.533702373504639,0.05118141285282254,0.03576126025296996,3106.1398692409393
151.33367276191711,2738.1331004777367,2082.9561662211186,13970.945798460107,-7.278618609313708,1,0.1,0.07128429412841797,0.9372124671936035,0.010368869,0.000947789,2797.752802984012,4.83447265625,0.038489202755823196,0.022152902082664166,3369.4720461087295
154.5265657901764,2845.8408825298225,1736.5072504871557,9526.911057543304,-6.551633302265991,0.5,0.1,0.07219600677490234,0.9394354820251465,0.0024869374,8.639374e-05,2802.5616109385933,3.902231454849243,0.05386718939923717,0.032897162390203426,2665.086253160571
155.54852843284607,2799.538830851377,1673.2290569296308,9007.151015763973,-7.325114579247503,1,0.1,0.07159304618835449,0.9428830146789551,0.009938335,0.0013785257,2802.2593329298716,4.3929359912872314,0.053251367259233795,0.03130918444710341,2428.6294128274358
155.66152834892273,3035.9845430634437,2213.066448376386,12392.245819777245,-7.163268139884185,1,0.1,0.07228493690490723,0.9441897869110107,0.009892308,0.000577092,2825.6318539432286,5.223376035690308,0.05087819935476179,0.025827520779626013,1972.0114278814217
154.39016938209534,2810.1510757443275,1658.6016907755031,9505.72848674706,-7.367767038444124,1,0.1,0.07181096076965332,0.93985915184021,0.010078495,0.00032646698,2824.083776123339,3.8808412551879883,0.047169259976941755,0.0333183428735347,2710.7511341101654
153.26079750061035,2600.903245643555,1795.9737642438001,9865.7214671705,-7.541516041377757,1,0.1,0.07164835929870605,0.93534255027771,0.0102404775,0.00042175292,2801.7657230753603,4.041606426239014,0.05200550957211571,0.03223082951884346,2935.186346772208
150.51419878005981,2658.3870098665952,1636.690884243977,8125.161915560778,-6.43249787197549,1,0.1,0.08893871307373047,0.956531286239624,0.010240329,0.0014102432,2787.427851754484,3.79079532623291,0.05157204297696465,0.03987093984038072,3201.15293562726
155.6921226978302,2938.748911705068,1993.3661299907747,9639.143920172444,-7.321788028560577,0,0.1,0.07494854927062988,0.9619550704956055,0.0,0.0,2802.5599577495427,3.8208541870117188,0.049498978360395414,0.027966051394815363,2455.7967395053242
150.83992266654968,2716.6644723511563,1788.214727552575,10797.049752080657,-7.145249170535901,0,0.1,0.07246160507202148,0.9402961730957031,0.0,0.0,2793.9704092097045,3.825631856918335,0.045660420246143,0.029954670724552067,2674.1247332946264
154.1717984676361,2754.608482970582,2101.640784532977,11636.850198243996,-8.153461691977279,1,0.1,0.07212185859680176,0.9344706535339355,0.010169665,0.00079296343,2790.034216585792,3.817248582839966,0.05423177448141264,0.035096600643323726,2874.9919875229666
157.19167947769165,2817.983430177085,1793.6139534248073,9395.93136890005,-6.618186901598199,1,0.1,0.07143282890319824,0.9381723403930664,0.0099233175,0.00026871567,2792.8291379449215,4.258579969406128,0.05887677256411809,0.032654761185236365,2612.0335602043306
155.3972589969635,2794.0454089280847,1739.5247265986632,8487.089164449451,-8.639061938850428,0.0625,0.1,0.0715796947479248,0.9428935050964355,3.8847313e-05,6.1050414e-06,2792.950765043238,4.094337224960327,0.03453218949291907,0.024681040043909627,2777.8456947805116
152.2954649925232,2792.153709517679,1793.3496538087659,8631.883284486028,-6.061742364073793,0,0.1,0.07179069519042969,0.9348421096801758,0.0,0.0,2792.871059490682,3.9507060050964355,0.03201476489358804,0.022758840663431132,2118.3697087451333
154.5672528743744,2756.7743977786095,1728.8596852154717,9867.541121542481,-7.352192505080935,1,0.1,0.0788428783416748,0.9389686584472656,0.0100137405,0.00026742133,2789.261393319475,3.856720209121704,0.038860895662135506,0.025889988360059853,2372.615992502072
160.31421971321106,2578.289128619816,1713.9031410773066,8351.518195120769,-2.787189401937015,1,0.1,0.07171750068664551,0.9418938159942627,0.010182056,0.0019117359,2768.164166849509,4.5750133991241455,0.045705316401720444,0.03195820280562636,2751.0709990674673
159.0014922618866,2626.2390232706653,1665.9237458214916,9042.62790811427,-7.2267453097434675,1,0.1,0.07482409477233887,0.9581351280212402,0.010103718,0.0004372162,2753.9716524916244,3.771822214126587,0.06358415417023852,0.04078221620269035,2326.7277909692825
159.97548031806946,2700.2179420222806,1682.6392018601969,8738.597476724686,-6.736369060996384,0.5,0.1,0.07240152359008789,0.9477815628051758,0.0024820166,7.303009e-05,2748.5962814446902,4.421276092529297,0.04747880704121139,0.032182489840006316,1767.387037976215
160.27095103263855,3021.6005983139867,1949.2408468167232,12627.610146138979,-6.995072974567037,1,0.1,0.07174849510192871,0.9344494342803955,0.010162037,0.0055161673,2775.89671313162,3.830134630203247,0.043052515364395506,0.0260370591024098,2933.908436170398
155.31941962242126,2657.2040701079113,1827.9285109458347,9818.566399450025,-6.701381718073005,1,0.1,0.07129645347595215,0.9310638904571533,0.009731689,0.00037727642,2764.027448829249,3.8219285011291504,0.045074865330382186,0.025574922440616828,2409.9168938343328
156.25776600837708,2849.712925738776,1841.2959947814575,13326.630159752553,-6.835705578573389,0,0.1,0.0760197639465332,0.9366593360900879,0.0,0.0,2772.595996520202,4.566258430480957,0.046646519199484225,0.024527491055129427,2847.633457784078
157.71238827705383,2641.212883697272,1679.8660580934215,9026.406260523365,-6.16268565176009,0,0.1,0.07408380508422852,0.9369621276855469,0.0,0.0,2759.457685237909,3.91038179397583,0.05056976205749687,0.030060088825703397,2835.9076749152578
158.89426112174988,2785.8225649884694,1766.7006415363044,10789.507646206743,-7.822793042188203,1,0.1,0.07158493995666504,0.9453537464141846,0.01028839,0.00041756057,2762.0941732129654,5.938709497451782,0.03760603488073528,0.026603529773330383,3016.1490514421785
152.0343234539032,2594.2458210504683,1669.8069829557005,8386.957376670225,-7.043905221635936,1,0.1,0.0715935230255127,0.941373348236084,0.010000538,0.00035581208,2745.309337996716,4.137718439102173,0.04575549906744569,0.03077765094877329,2275.1405335920776
155.93533039093018,2662.1014338398945,1767.4651815898756,8182.984278109517,-8.230717341299128,0,0.1,0.07973814010620117,0.9433321952819824,0.0,0.0,2736.988547581034,3.962798833847046,0.04863725882908497,0.03506094580029655,2724.0280162019576
157.58798027038574,2891.06851627603,1873.8226609551396,9096.229056369246,-6.418592276993564,1,0.1,0.07245421409606934,0.9314672946929932,0.010398204,0.0005962097,2752.396544450534,4.142217636108398,0.038100417941767536,0.022653379788223623,1912.8152137420839
160.7461757659912,2753.0561301803937,1780.4746642823618,11752.047759488938,-5.34435174698237,0,0.1,0.07584762573242188,0.9427847862243652,0.0,0.0,2752.4625030235197,3.919952869415283,0.043389640649469936,0.029228342532620872,2186.185599470721
158.63618659973145,2581.8544568058574,1626.6900292584228,7529.34520866588,-7.347003824482707,0,0.1,0.07464456558227539,0.9531381130218506,0.0,0.0,2735.4016984017535,3.965879440307617,0.050947132906440554,0.032830306073419614,1715.426159585566
155.81782150268555,2688.052323537795,1702.5215955492533,10647.633272013398,-0.3014062848175094,1,0.1,0.08841443061828613,0.9595432281494141,0.010169242,0.0008778713,2730.666760915358,4.221665382385254,0.05201507404620203,0.03591488841747455,2271.124210462788
157.45680260658264,2604.8873961002264,1593.6763102986922,9543.108781288029,-7.508817818465851,1,0.1,0.0813894271850586,0.9602577686309814,0.009889454,0.00012454882,2718.088824433845,3.7970759868621826,0.03965670281376723,0.033141599467817924,2090.6908694212907
162.37429308891296,2639.248635628233,1852.491259085561,10756.102134399722,-6.359493819988487,1,0.1,0.07156515121459961,0.9421789646148682,0.010238021,4.5511628e-05,2710.2048055532837,3.7750766277313232,0.049294733183245294,0.028594432984966844,2404.0105466729606
162.302175283432,2709.34860602533,1564.7585568679224,7900.604488401592,-6.75901413486976,0,0.1,0.07172632217407227,0.9340023994445801,0.0,0.0,2710.119185600488,4.326373338699341,0.04693596049762381,0.029238552021527545,2269.5581321730056
159.6372845172882,2432.5269522003314,1715.7085886622006,10226.954274736316,-6.5122478066433365,1,0.1,0.07227349281311035,0.9357671737670898,0.009804504,0.001070681,2682.3599622604725,3.829878330230713,0.05287552181419254,0.027347761450237068,1954.0318531562611
159.78405666351318,2649.2422527330723,1609.533730082972,9081.042241595,2.4879870469960825,1,0.1,0.0768742561340332,0.9480252265930176,0.009600862,0.0002811844,2679.048191307733,4.633548974990845,0.049044172433415835,0.028317415488818703,1763.4937959041058
161.6819486618042,2466.6070925887916,1528.7787795767265,9547.450443218226,-6.642970210360388,0,0.1,0.07800889015197754,0.9514775276184082,0.0,0.0,2657.8040814358387,4.229267358779907,0.05694377040366291,0.03795667604915127,1910.2371388935376
163.59624338150024,2662.1095244077824,1646.584278690168,8144.099291992318,-8.350214435266034,0,0.1,0.08936381340026855,0.961920976638794,0.0,0.0,2658.234625733033,3.734731435775757,0.039851343182541715,0.029625543915626423,1821.612362059319
156.94756531715393,2567.2020081829087,1630.3019884929286,9089.061454124107,-0.6103902120179698,0,0.1,0.08181905746459961,0.9530713558197021,0.0,0.0,2649.1313639780205,3.903235912322998,0.04556530462133525,0.03350454932208095,1310.192026793985
158.02836799621582,2629.682122527547,1767.4872047112026,9853.647638019676,-7.247058246027479,1,0.1,0.0723426342010498,0.9338207244873047,0.010100412,0.00023342209,2647.186439832973,3.8332948684692383,0.074589308220656,0.04124382432303782,1576.4046083868907
163.56095051765442,2431.9801515691934,1549.7255785840616,7752.889218758458,-5.815719794169232,1,0.1,0.08637237548828125,0.9632537364959717,0.010275854,0.0005534317,2625.665811006595,3.9157376289367676,0.05516046604326131,0.030092039237380266,1374.263324790663
158.43229866027832,2320.3475232484757,1527.454019789016,7410.913646546736,-3.9721383557433416,0,0.1,0.09334230422973633,0.961907148361206,0.0,0.0,2595.133982230783,3.8954784870147705,0.05354260417858251,0.03125903963677652,1060.5652153986782
160.9409532546997,2628.3887177261286,1675.188184991062,9450.713307714836,-6.081303508071227,0,0.1,0.07555127143859863,0.9530630111694336,0.0,0.0,2598.459455780318,3.9530136585235596,0.05639715896225845,0.0395207548380129,1452.8164850470544
162.07273507118225,2540.140723607029,1524.9329537990998,7912.6979856382995,-5.674426062942686,0,0.1,0.07950067520141602,0.9397704601287842,0.0,0.0,2592.627582562989,3.944875478744507,0.06006277615994075,0.03611644403731967,2117.9753362708334
166.28009271621704,2563.9333938219006,1804.6409342621112,12283.814732456884,-6.6312030655559075,0,0.1,0.0826873779296875,0.9429621696472168,0.0,0.0,2589.7581636888804,3.9552528858184814,0.04578844370223813,0.03149681925781288,1945.707061437676
161.7118194103241,2443.303539315966,1666.198981085371,7980.138853386124,-9.784496598777674,1,0.1,0.07219982147216797,0.9327137470245361,0.010586355,0.00033458864,2575.112701251589,3.83815598487854,0.04506353558668988,0.02958570014996138,1397.5502803382863
165.86919045448303,2292.394889465159,1508.6232308716933,7985.285207028462,-2.7019142156378293,1,0.1,0.0722970962524414,0.937645673751831,0.010176564,0.000945356,2546.840920072946,3.8463826179504395,0.06275069616294396,0.0407672754668638,1317.7114590084673
162.58685874938965,2250.124588904618,1414.3660263878328,6694.629143737397,-6.283596272159372,0,0.1,0.07168865203857422,0.9489245414733887,0.0,0.0,2517.1692869561134,3.9345741271972656,0.04661215560490747,0.03283442895049176,1202.6817224102065
165.13561940193176,2581.0904204537715,1616.7603004201485,10740.104497039798,-8.735206728048478,1,0.1,0.07672572135925293,0.9588918685913086,0.009947437,0.00042082748,2523.561400305879,3.737413167953491,0.040995576122269006,0.02726193760576648,1153.0780919010358
166.80018615722656,2306.777373782696,1478.4737182193905,7065.617785294381,-5.247048842230063,1,0.1,0.0720372200012207,0.9457640647888184,0.010048151,0.0016877792,2501.882997653561,3.754316568374634,0.05426856643727727,0.038958268456816325,1623.1516590822887
160.09165382385254,2422.2881154279826,1526.1848456550397,8702.695785674825,-5.86368835055774,0,0.1,0.0720822811126709,0.9375333786010742,0.0,0.0,2493.923509431003,3.8718950748443604,0.0510871430362654,0.032602117440187574,1348.4600495391344
158.93098378181458,2381.368801938717,1594.474958559666,9286.99346538556,-6.083038254972603,1,0.1,0.07802605628967285,0.9464638233184814,0.010693579,0.00026658172,2482.6680386817743,3.870932102203369,0.050158063402945104,0.0346977678055506,1901.4243663785269
162.07225394248962,2279.145368029888,1605.9156406686047,8684.354620631932,-4.60359589279932,1,0.1,0.07710146903991699,0.9408779144287109,0.009751955,0.0019086652,2462.315771616586,3.9241130352020264,0.0656982605288122,0.04227835229175041,1389.3291329666454
158.84586906433105,2442.075369626195,1576.508120944183,7958.96848106108,-6.234681799779345,0.125,0.1,0.08817791938781738,0.9543750286102295,0.00015631052,4.087448e-06,2460.291731417547,3.8844642639160156,0.047871090149719256,0.03131369382916531,2113.661950872966
165.84028553962708,2408.910527653002,1587.7916025508787,8578.176655022484,-5.747890467258074,1,0.1,0.07147216796875,0.9335575103759766,0.00993237,0.0011569016,2455.1536110410925,3.869805097579956,0.042955209486572776,0.03162204157651802,1823.2986648625879
157.95057034492493,2527.4217329553126,1879.9129043348462,11544.757819273429,-3.290887739278284,0.5,0.1,0.0773932933807373,0.9302003383636475,0.0024712053,0.0001620842,2462.3804232325147,3.958646297454834,0.043421525803137136,0.026103752619372873,1339.674030917091
160.8196189403534,2562.4524642765336,1802.1063776154508,10651.217541962877,-10.151326728306408,1,0.1,0.08459234237670898,0.9561440944671631,0.010018225,0.00655421,2472.387627336917,3.7953505516052246,0.06611894176712584,0.03794081551415729,1858.9141813867427
149.9378843307495,2573.901330567992,1729.783025373447,9098.79806759342,-6.765266128865907,1,0.1,0.07812261581420898,0.9339406490325928,0.010053624,0.005049316,2482.5389976600245,3.856107711791992,0.0669618105952025,0.03688347262292354,2524.0304480930918
148.3016164302826,2506.211552353244,1905.0200333195078,12336.550504473895,-6.9663864495677394,0,0.1,0.07800912857055664,0.9522790908813477,0.0,0.0,2484.9062531293466,4.224420070648193,0.05933048316170383,0.037111280552657944,2410.050178932953
148.0476269721985,2364.4285027538226,1625.6746719291611,9246.011976457385,-1.428168145672813,1,0.1,0.0824284553527832,0.9568195343017578,0.009884487,0.0009483006,2472.858478091794,4.2728190422058105,0.06825876189515175,0.04601256824932334,1865.292860474946
147.90730619430542,2272.803719609908,1748.0355717657717,8522.168037051744,-7.215961211169494,1,0.1,0.07189416885375977,0.9549109935760498,0.009780701,0.00057619216,2452.8530022436053,4.247254371643066,0.06406571819048669,0.041320690295451934,1598.3978494915746
146.66726803779602,2535.459318351753,1793.1410103136036,8601.447157053197,-6.712442635386262,1,0.1,0.07919669151306152,0.9400126934051514,0.009904041,0.0006916916,2461.11363385442,3.7988195419311523,0.058724832092120156,0.038804344695654795,2095.029021874049
151.11680793762207,2618.9699383059906,1586.0151927347802,8401.019609342953,-7.307780764752193,1,0.1,0.08136391639709473,0.9446585178375244,0.010103427,0.001460276,2476.899264299577,4.074457406997681,0.051907885544549934,0.034476866046148136,2172.9633466579317
151.43120288848877,2526.4416548878876,1710.7280426268394,10691.841082534025,-0.7010483609025353,1,0.1,0.07207751274108887,0.9434802532196045,0.009800595,0.0014405166,2481.8535033584085,3.673478364944458,0.050563072206748015,0.03704373130061649,1402.7806665234807
151.38883113861084,2379.7129120525738,1603.8153924827925,8587.505649407522,-6.208033984582438,1,0.1,0.09120917320251465,0.9602737426757812,0.010473359,0.0010013885,2471.639444227825,4.214941501617432,0.04953544627795103,0.03442427633957004,2866.4394987074534
148.13003659248352,2432.2957919075097,1956.4966530296085,10600.479555024234,-5.994730133476583,1,0.1,0.08274173736572266,0.9612014293670654,0.00980143,0.00059960096,2467.7050789957934,3.86797833442688,0.04575836017694944,0.030102223899469222,3455.2756167749008
151.38184309005737,2559.109281768627,1743.7294422893385,8541.211958750719,-3.5584852853349815,0,0.1,0.07352685928344727,0.9344518184661865,0.0,0.0,2476.845499273077,3.8446149826049805,0.052692453599935574,0.0338041462445357,2245.9274646524036
149.45967531204224,2498.3876499901003,1700.0817904388398,9931.199372512598,-9.074777189043056,1,0.1,0.07141280174255371,0.9438953399658203,0.010714643,0.001208097,2478.9997143447795,3.884063243865967,0.0540979476035014,0.033489849446625794,1722.8707550327804
152.97135424613953,2419.8094849448676,1641.6834202221016,9115.960093573485,-7.36021227507931,1,0.1,0.07165837287902832,0.937786340713501,0.009823384,0.0001947998,2473.0806914047885,6.9767279624938965,0.06266774037156345,0.038467376002542006,1742.7270965367795
154.55612874031067,2439.5415819413492,1603.5220452639235,8648.121318488493,-5.858895486082284,1,0.1,0.07131719589233398,0.9447932243347168,0.010367012,0.00067435263,2469.7267804584444,3.6890923976898193,0.05681407463095259,0.03594675924005167,1406.9387991792473
154.53498435020447,2442.9159203713775,1690.327248757545,11386.234042318365,-3.2870771209695606,1,0.1,0.07214593887329102,0.9425561428070068,0.009947473,0.00078705064,2467.0456944497378,3.895420551300049,0.055658312954120576,0.040624917825754996,2225.5379076888316
157.18566274642944,2512.904211563597,1763.7496954049127,8630.918361540133,-6.649399157467333,1,0.1,0.07139825820922852,0.9441661834716797,0.009729361,0.0004426773,2471.6315461611234,3.896660566329956,0.05771218517448056,0.036492073436418894,1301.2478743000056
153.06390023231506,2434.075166440383,1729.3390423952867,8418.863261831293,-7.040430035690265,1,0.1,0.07170248031616211,0.9407808780670166,0.009740982,0.00026714162,2467.8759081890494,3.8679113388061523,0.04178331041971716,0.030893945669009392,1637.1123701583952
156.60179495811462,2452.6498339382874,1584.4449407399798,9377.934783866218,-6.776645583806962,1,0.1,0.08079385757446289,0.9454660415649414,0.010239106,0.00031832198,2466.3533007639735,3.7939462661743164,0.047494618624351996,0.03136398865809474,2019.2108655018208
160.66323900222778,2527.7897164200726,1830.473643791443,9306.339596147169,-0.9506868227180382,1,0.1,0.0715031623840332,0.9445326328277588,0.010120781,0.00042456816,2472.4969423295834,3.8923561573028564,0.05100541268517428,0.033494159148295614,1518.9219569886889
162.89285588264465,2412.602847277131,1559.2067177936694,7930.078822131248,-6.387511962310209,0.015625,0.1,0.09091520309448242,0.9565277099609375,2.3548353e-06,4.3029786e-07,2466.5075328243383,3.865018129348755,0.06556950691957797,0.03334820899179951,1279.1921236030694
163.91001796722412,2356.185943713726,1673.6185203316106,10387.198910178,-4.889734625697388,1,0.1,0.07764816284179688,1.0019571781158447,0.009944337,0.000890672,2455.475373913277,4.083568811416626,0.055061198245688156,0.029923004239108687,2031.8514136740255
160.94665455818176,2587.0558914769244,1872.3957832817791,9114.473624781793,-6.433481691515035,1,0.1,0.07136917114257812,0.9522712230682373,0.010174642,0.0021027885,2468.633425669642,3.884702682495117,0.05806399853061966,0.03094269050517472,1665.3033162286406
157.7559142112732,2318.829224717716,1700.7049948923354,9321.806808485007,-9.913249696514157,1,0.1,0.07708454132080078,0.9384679794311523,0.009719379,0.0013702438,2453.6530055744493,4.128712892532349,0.050531858825528915,0.030300150519369913,1464.2317563549805
154.6469371318817,2201.132847512282,1616.2060357904222,8468.307920542813,-6.862209882014341,1,0.1,0.07173395156860352,0.9377412796020508,0.010252959,0.0013091983,2428.4009897682326,3.8278849124908447,0.06388799791610869,0.03871390899845795,1248.4231817895702
159.816481590271,2610.124185258912,1716.0787466112224,9317.851847772476,-0.16231157696650894,1,0.1,0.07818603515625,0.937232255935669,0.009801686,0.0011674004,2446.5733093173003,3.834120988845825,0.04760766475106423,0.030896436120294527,2046.6589946510164
156.25791597366333,2434.443871218102,1590.9189733749558,7241.5620382200495,-2.17820941879416,1,0.1,0.07130599021911621,0.9497201442718506,0.009939995,0.0012698135,2445.3603655073803,3.8818554878234863,0.05103429720027583,0.032873349884432176,2266.1131126158552
156.7819526195526,2551.226623937544,1566.3796749878638,9036.618766835387,-9.972630740775223,1,0.1,0.07153558731079102,0.9443709850311279,0.010003353,0.0009531891,2455.9469913503967,3.9503352642059326,0.0666318245233591,0.03928176405469855,1984.7261081142788
158.64969515800476,2356.035185325039,1573.366575201619,8368.365086753047,-4.618611140099018,1,0.1,0.07204771041870117,0.946295976638794,0.009742544,0.0019931686,2445.955810747861,3.9405570030212402,0.053098910275994664,0.03518842770367542,1711.6027997891201
157.10591053962708,2238.713075411045,1387.6813540745866,8225.06368991266,-6.438034446412256,1,0.1,0.08600473403930664,0.9459106922149658,0.010052383,0.0015128914,2425.2315372141798,3.9178102016448975,0.05407611547004846,0.03501895879116954,1036.7047748080192
158.45685410499573,2172.129674599533,1540.332236801276,8102.687661772453,-1.8759899362380565,1,0.1,0.09360194206237793,0.9533131122589111,0.009780797,0.0013577607,2399.921350952715,3.9702606201171875,0.06882051224482681,0.04160383787161916,1726.9577532219841
159.16978693008423,2434.740574216119,1679.1657904483666,12189.41360417676,-6.317211643876724,1,0.1,0.07917928695678711,0.9649534225463867,0.010243473,0.001749228,2403.4032732790556,3.8938748836517334,0.05335686758203579,0.027364156206388504,1514.0296555406012
157.883442401886,2558.8282149324405,1968.707396094047,9787.713880378273,-6.888083545758111,1,0.1,0.0855555534362793,0.9606900215148926,0.01015229,0.00035517197,2418.9457674443943,3.8162038326263428,0.042771496158326115,0.028756695541100948,1445.702395579223
156.05312395095825,2404.2383208840997,1406.0609640106054,6644.743799398071,-1.8386013965395565,1,0.1,0.08532547950744629,1.00272536277771,0.010073659,0.0010765843,2417.475022788365,3.845278739929199,0.048348435413146214,0.030472351239510823,2050.5427053492444
154.53748512268066,2534.3512387055316,1593.8750645353052,8031.66563845906,-3.743216971731774,1,0.1,0.08224701881408691,1.0172383785247803,0.009897171,0.00096218946,2429.162644380082,3.852459192276001,0.05225799105132037,0.03252546241501351,1553.8633757891073
153.29245567321777,2504.9057758970016,1695.4162958026045,9033.198305160484,-6.5352571573910625,1,0.1,0.0816800594329834,0.9557139873504639,0.009827399,0.0006138443,2436.736957531774,4.069229364395142,0.06015452381405181,0.03128445318924564,1548.5904677237231
154.52521538734436,2100.242282297408,1514.155952200158,8343.306163803261,-6.039102557914002,1,0.1,0.08582186698913574,0.9654247760772705,0.0099746585,0.00035191115,2403.087490008337,4.024624347686768,0.05787884399423011,0.03588062835514275,1499.2886592152202
157.8927321434021,2347.0658942380974,1671.470240872208,10766.972776305807,-7.956402919259383,1,0.1,0.0818486213684082,0.9999699592590332,0.009871054,0.0023697552,2397.4853304313133,3.8753559589385986,0.05650857091977126,0.03173239886910993,1765.642732936331
155.3680338859558,2478.4560786054167,1738.584937307204,8464.324859982893,-6.551265033515293,1,0.1,0.0859384536743164,0.988429069519043,0.01002587,0.0017092949,2405.5824052487237,7.249743938446045,0.05913005588618605,0.03824755663300547,3140.9434246326437
154.636403799057,2395.335040587443,1628.8856033305692,8375.561393033006,-9.159009974009983,1,0.1,0.07158398628234863,0.9419341087341309,0.010047801,0.00034072113,2404.5576687825956,4.354630708694458,0.04990209680603517,0.041058324976352076,1785.6242514767243
157.923002243042,2554.732610355268,1611.7876113381276,7180.465473133246,-6.156724452584371,1,0.1,0.07768797874450684,0.9527935981750488,0.009929483,0.001971669,2419.575162939863,3.8474204540252686,0.055727792984708445,0.036748834443272975,1986.585508396233
159.8907163143158,2218.969839185688,1446.8490898769712,7191.520060158818,-8.352744026087514,1,0.1,0.07163000106811523,0.9371769428253174,0.010221396,0.00075560686,2399.5146305644453,3.804410934448242,0.051780777889983504,0.03980211185076594,1321.5975922880618
152.32000184059143,2352.6230997700345,1627.4904744668543,7795.389258718786,-6.672064367852891,1,0.1,0.07156896591186523,0.9361114501953125,0.009993185,0.0021766983,2394.8254774850043,3.8259658813476562,0.04803347057109383,0.030701141891101617,1648.5255311947033
155.02113795280457,2433.1511415744585,1780.7905345689674,10436.395931813822,-7.368577423585013,1,0.1,0.07165193557739258,0.9358639717102051,0.009806447,0.00034808036,2398.6580438939495,3.792405843734741,0.044709786912680134,0.030561526027339872,1883.9613847198532
159.56332898139954,2339.9022146765487,1664.0712507791613,10631.575488106519,-0.3004014007022122,1,0.1,0.07174944877624512,0.9366848468780518,0.010161027,0.0010474594,2392.7824609722097,4.461374044418335,0.06140903696864465,0.03405376033905806,1612.0875768893834
154.68006539344788,2471.5330824235584,1621.9870247247777,9372.779374538488,-10.370811862022018,1,0.1,0.07468581199645996,0.9338958263397217,0.010069591,0.001535302,2400.6575231173447,3.800589084625244,0.05204254004085542,0.029201375084244616,2211.317169767999
156.0688636302948,2418.0896581715106,1725.796633124973,7820.903671096137,-10.493755301528818,1,0.1,0.07162141799926758,0.9433836936950684,0.009747889,0.0012592225,2402.4007366227615,3.9176535606384277,0.045139676928377274,0.0256047239854984,2008.8681793222324
151.05630731582642,2283.387982142731,1509.3641080643563,7231.328774154351,-15.950245638110205,1,0.1,0.07932209968566895,0.9411630630493164,0.009730895,0.0026600647,2390.4994611747584,3.846376657485962,0.05468837613004406,0.03970993163367236,1641.3235319554406
155.7316677570343,2361.2043024710497,1644.940713118477,7871.64000299819,-6.875716270582516,1,0.1,0.07176709175109863,0.9420559406280518,0.009976287,0.0008351326,2387.5699453043876,3.8474085330963135,0.06956530827682761,0.037489038294384255,3231.4217831557785
154.88724064826965,2267.408285738216,1542.161152912704,7861.325116608739,-7.13666427623047,1,0.1,0.07140374183654785,0.9606807231903076,0.009963829,0.0011918881,2375.5537793477706,4.559387922286987,0.049401197639082774,0.03567868696313896,1722.200461042213
154.8888602256775,2358.9133498445626,1713.9819178933064,9159.486900875718,-3.787083773159857,1,0.1,0.07664704322814941,0.9444036483764648,0.009957342,0.00012102356,2373.8897363974497,4.608503580093384,0.05640353495410147,0.0364734185248792,2511.612714040721
153.6341404914856,2354.831572950163,1475.9361512907997,7053.6955340898685,-7.109616788886748,1,0.1,0.0715935230255127,0.9373838901519775,0.010226805,0.0011310371,2371.983920052721,3.829763650894165,0.0562106347383362,0.035966053832092476,1595.1732236698622
153.1011803150177,2250.623006728567,1479.0356499109002,7068.486492022918,-6.197946164621142,1,0.1,0.0837259292602539,0.9723587036132812,0.010039932,0.0020675508,2359.847828720305,3.943289279937744,0.058786780971687116,0.038441957134022486,2480.1599042710645
156.57492804527283,2330.504971085609,1733.1619368011852,11753.97718264945,-7.806911400031113,1,0.1,0.07665634155273438,0.9962410926818848,0.010050221,0.0023034294,2356.913542956836,4.125451564788818,0.053193369780361245,0.035965790666691644,1501.8079713425034
157.98631381988525,2380.562565954021,1683.0104713154055,9214.970584489103,-5.94605926384623,1,0.1,0.07670760154724121,0.9361429214477539,0.009989746,0.0013844956,2359.2784452565543,3.860022783279419,0.05518673844803046,0.04067405436546492,1792.491629394388
157.4727759361267,2423.4260706961704,1506.2662950746794,6517.923682145806,-7.355805873088193,0,0.1,0.07695937156677246,0.9461677074432373,0.0,0.0,2365.6932078005157,3.8083369731903076,0.05191960688850373,0.03147238595683511,2233.5195764313403
156.05197095870972,2437.263528458659,1708.224807480207,11659.606482494373,-8.51141731435818,1,0.1,0.07636690139770508,0.9416723251342773,0.0101884585,0.0006189545,2372.8502398663304,3.8428940773010254,0.0513958440629583,0.031045995645080756,1735.3437762480426
158.46991276741028,2309.389075908018,1587.6803683118599,7878.872490375627,-9.580638202653525,1,0.1,0.07882356643676758,0.9370284080505371,0.009934045,0.0010507021,2366.5041234704995,3.871943473815918,0.05385110629760967,0.03938847671971378,2468.7350131577823
157.55006003379822,2433.9006713362983,1737.0528995591771,9758.498763233378,-7.1784069089897775,1,0.1,0.07598042488098145,0.9435305595397949,0.01002076,0.0022945618,2373.2437782570796,4.139525413513184,0.053321213647960705,0.03409269715712213,2422.738256511752
157.37931513786316,2620.5694838396766,1871.7498752822814,11471.773915076556,-5.803385047701838,1,0.1,0.07155156135559082,0.9498569965362549,0.010099849,0.0016831387,2397.9763488153394,3.86822772026062,0.054905502023666355,0.03914546754696136,2926.5875668232256
153.14227199554443,2151.0911468051845,1532.3543091206898,8054.693150796052,-9.435958915978718,1,0.1,0.07163524627685547,0.9386591911315918,0.009818655,0.0015202778,2373.287828614324,3.751560926437378,0.06826697366205674,0.04188965293550478,2407.8947517408033
155.88784766197205,2537.3196940106595,1690.274566580002,10099.243174580444,-6.896828486557818,1,0.1,0.0716700553894043,0.9451684951782227,0.010063131,0.0011745788,2389.691015153958,3.8179166316986084,0.059467063350573286,0.02896600098892805,3296.429643358788
159.53379201889038,2393.2052915471345,1918.7027562788908,9592.18083743018,-6.630348780592755,1,0.1,0.08181166648864746,0.9566409587860107,0.009858855,0.00075979,2390.0424427932753,4.04291844367981,0.0473924761476714,0.027308500009997586,2069.7754159794595
161.67556285858154,2093.4222900082805,1491.9977833644646,7168.616717860228,-4.319013196539178,1,0.1,0.08046245574951172,0.9602310657501221,0.010175138,0.0012457932,2360.380427514776,3.972874402999878,0.05783621008454715,0.03973114753643765,1445.1837227916608
158.32288241386414,2356.0829680510324,1678.596821114066,8183.455823537666,-8.052828576992185,1,0.1,0.07622241973876953,0.9374141693115234,0.010115869,0.0014159943,2359.9506815684017,3.8292317390441895,0.051614031800779746,0.03271917310201233,2370.3478136136764
159.04450225830078,2266.4450556212228,1587.7776130352486,9432.726721636498,-6.9622357904682115,1,0.1,0.08664751052856445,0.9395503997802734,0.009757114,0.0006552864,2350.6001189736835,4.131404161453247,0.06310694153233981,0.03737070647578062,2173.8175438825115
160.2513988018036,2405.6290053922544,1708.8895748036568,8411.820588702558,-7.637241317619075,0.5,0.1,0.07149004936218262,0.9388432502746582,0.0025008712,0.00014870758,2356.1030076155403,3.8028900623321533,0.05867989839664506,0.03459997030388657,2641.4709599238895
160.87131762504578,2437.5787551598405,1691.4499146859926,9082.895705348656,-8.354323250152909,1,0.1,0.07382035255432129,0.9429197311401367,0.0100693805,0.005653824,2364.2505823699703,3.7866861820220947,0.050109638661230596,0.029959217366829025,2202.438993030276
151.49557423591614,2673.8940183584145,2034.7562762164575,10573.392053214517,-8.055969856669021,1,0.1,0.0717782974243164,0.9366977214813232,0.009986517,0.0058230376,2395.214925968815,3.970348834991455,0.05263090648910695,0.028539747385625452,2636.6004373233236
154.1649866104126,2576.578379898457,1894.987107709984,12734.987161565046,-9.215990912742361,1,0.1,0.07141709327697754,0.9900369644165039,0.010077934,0.0018763794,2413.3512713617793,3.91898512840271,0.0558569979945878,0.036495376649018835,2426.488820668806
152.02963423728943,2407.340748819619,1538.6977679348327,7557.04160997478,-8.384271867236693,1,0.1,0.07516980171203613,0.9433410167694092,0.010352642,0.00077654724,2412.750219107563,4.350827693939209,0.04785287020230221,0.03297153196940986,1901.1868509851586
153.64588141441345,2481.9955687109746,1832.2455399791377,8560.5274397891,-8.415615640609312,1,0.1,0.07539701461791992,0.9410419464111328,0.0100765405,0.0014677002,2419.6747540679044,3.8033664226531982,0.03967642492762866,0.028719307826985837,2923.8485024324896
152.9270465373993,2661.293847515448,1815.6150209912862,9989.561152971462,-8.085398883808088,1,0.1,0.08503365516662598,0.9575083255767822,0.010108709,0.0011582748,2443.8366634126587,3.8766262531280518,0.04645546220763371,0.032609413187179276,3515.915486815775
155.69522309303284,2925.703978239105,2122.0783698035107,11771.39113944649,-7.654574274332437,1,0.1,0.0863490104675293,0.9558329582214355,0.010080469,0.0019640394,2492.023394895303,3.8273508548736572,0.03966066691936017,0.02410154622764672,2912.118299830684
158.05550122261047,2413.1792796442614,1771.416884884235,9898.965306955926,-4.910815738172391,1,0.1,0.07168197631835938,0.9428019523620605,0.010139267,0.0028304844,2484.1389833701987,3.9337093830108643,0.062021574393282264,0.03477487262724671,4107.212515575774
158.08341646194458,2760.3414919411657,1914.6628964132433,10010.509468698756,-10.183002977325069,1,0.1,0.07177019119262695,0.9325311183929443,0.00989586,0.0011771866,2511.7592342272956,4.072209358215332,0.05082215060204031,0.03218343724246847,3170.4388929929214
156.40271425247192,2679.3011131505714,1878.4861794028536,9250.471920789152,-8.201046368587438,1,0.1,0.0729830265045166,0.9382379055023193,0.009991813,0.0011550705,2528.5134221196236,4.146037340164185,0.05842569302121621,0.03543839786034447,3686.9575463070696
152.16610193252563,2613.708796796969,1899.940233745817,10445.22703881407,-10.99487591207927,1,0.1,0.08962869644165039,0.9492723941802979,0.010067688,0.0009862385,2537.032959587358,3.8583364486694336,0.058186150987824044,0.03460964449974244,3020.9952893535765
153.700425863266,2626.078634340529,1968.2195404260895,10820.966133286625,-8.462816447328832,1,0.1,0.08285236358642578,0.9592955112457275,0.010013109,0.0014534878,2545.937527062675,3.804135799407959,0.05646530146509355,0.0400100662212271,2535.9559257094465
153.46336722373962,2511.6208644042745,1968.7740560125137,11755.130644263805,-9.733455742915616,1,0.1,0.08283591270446777,0.9562962055206299,0.010054818,0.002965715,2542.5058607968353,5.757128953933716,0.05140101917842083,0.03620389353616707,2318.4954351724236
154.5717751979828,2426.0783117250658,1718.7892057126226,9710.576431851408,-4.478904000270414,1,0.1,0.08302521705627441,0.9498879909515381,0.010049582,0.00095434114,2530.863105889658,3.860799551010132,0.04760316334702482,0.036239574247290136,2672.9223279945463
151.70147681236267,2568.88011126956,1761.0621011843393,8162.214354349865,-8.967727672532789,1,0.1,0.08524417877197266,0.9601378440856934,0.009989013,0.00090460054,2534.6648064276483,3.8905088901519775,0.04931885278556328,0.03498872909355666,2977.683998193167
155.46764707565308,2788.0496519780986,2238.861966212093,10283.91103182577,-7.7393601657265885,1,0.1,0.08242511749267578,0.9552347660064697,0.010018997,0.0028641103,2560.003290982693,4.07590913772583,0.04299606081681977,0.027303992736520934,2524.743097880685
153.26191973686218,2462.541425162907,1800.6588518221881,9995.643144821666,-7.921350053903123,1,0.1,0.07221508026123047,0.9409966468811035,0.010006267,0.0014181519,2550.257104400715,7.446802616119385,0.06385538080988494,0.03973015535545251,1838.7486381344577
154.92551946640015,2637.96379763657,1913.3281658045541,9524.423498105334,-8.136742505517413,1,0.1,0.08412432670593262,0.9559364318847656,0.010000814,0.0021515235,2559.0277737243005,3.900216817855835,0.05007186295981431,0.03460954711456416,3172.3739122620577
154.78410959243774,2562.080307011733,2011.4192992034325,10920.15425285815,-10.264876513436885,1,0.1,0.07809686660766602,0.9566338062286377,0.010054581,0.0011137665,2559.3330270530437,4.313649654388428,0.05917509760948863,0.03914335757602487,3259.6555060768364
159.2276270389557,2366.4688962691453,1845.546945882285,10039.09519002747,-10.082928808971868,1,0.1,0.07602214813232422,0.9613029956817627,0.010207464,0.0020041184,2540.0466139746536,3.725315809249878,0.056733435987540416,0.04797346948508842,2315.7448361467486
157.2134566307068,2854.8023877966825,2034.5282399001153,13117.829117553014,-18.32392461632248,1,0.1,0.08437705039978027,0.9538617134094238,0.01003165,0.003097284,2571.522191356856,3.935544490814209,0.060218038394372425,0.03292166421110755,2588.4240940664868
151.11227774620056,2508.5626208521317,1910.2247585840291,9267.354030850342,-19.56926003755434,1,0.1,0.09195661544799805,0.9536375999450684,0.009984187,0.002751204,2565.2262343063835,3.816641092300415,0.06005475804378098,0.0381557454851071,3899.643697533159
155.9755563735962,2605.920369962909,1895.3117081706741,9447.214468273312,-7.813974135718541,1,0.1,0.09479093551635742,0.9619705677032471,0.0099906465,0.0023496407,2569.295647872036,3.8362269401550293,0.057589915490908784,0.035340336095516324,1740.6977074738866
148.59601736068726,2602.3801544416683,1961.8056765221609,9985.658394799126,-8.83866718242699,1,0.1,0.0770118236541748,0.9319601058959961,0.010041321,0.0022944743,2572.604098528999,6.3329901695251465,0.0627292225605714,0.034729316598377184,2907.1614884898736
151.6170768737793,2607.935809286259,2037.14176143274,8181.566598131329,-10.468888422142413,1,0.1,0.0714571475982666,0.9341590404510498,0.010188223,5.5778502e-05,2576.137269604725,3.8165009021759033,0.05886340663016293,0.033904146967900534,4315.991356682674
155.54893803596497,2505.653310347556,1681.9068783092137,8753.414831895545,-8.971264152515865,1,0.1,0.07165813446044922,0.9624133110046387,0.010164808,0.0012174759,2569.0888736790084,3.8491222858428955,0.055269176726041896,0.03942771709720125,2497.8389265708515
159.41837334632874,2646.4918637141154,2094.720006702333,10436.227920058926,-10.42165434458005,1,0.1,0.0715489387512207,0.9399220943450928,0.010025347,0.0017115569,2576.829172682519,3.6901867389678955,0.055425402111859604,0.033589773531954414,2833.2629225331357
154.5564329624176,2571.9426600804245,2124.6321195573887,11101.752063309661,-19.033726142957757,1,0.1,0.07129287719726562,0.9357514381408691,0.010093897,0.0013402214,2576.34052142231,7.874855279922485,0.055064761367854674,0.03602610650069156,2426.5370901261786
155.46473288536072,2790.5465659516667,1877.6432349267682,10184.645481620199,-10.259378128458922,1,0.1,0.07796788215637207,0.9403018951416016,0.009973289,0.0027438866,2597.761125875246,3.8370492458343506,0.04905221940425608,0.038965867118536494,3104.60351388445
159.48572325706482,2661.632014796863,1973.0933686435199,9870.700406782651,-18.12147388144719,1,0.1,0.07867574691772461,0.9573929309844971,0.010023332,0.0016573474,2604.148214767408,3.8036744594573975,0.05799537551107927,0.03938213744627661,2888.098417533086
154.93732619285583,2730.100369227685,1925.3272942621281,9530.785322897713,-8.377464705231736,1,0.1,0.07680535316467285,0.9541459083557129,0.009999435,0.002128201,2616.7434302134357,3.909776210784912,0.05870392479407441,0.030202226360902782,2788.457073579454
153.45136189460754,2651.0420484233573,1830.7539088660794,9060.561039011056,-8.133712006120032,1,0.1,0.07170820236206055,0.9490642547607422,0.009963464,0.0022111998,2620.1732920344275,3.938438892364502,0.04745628410339127,0.03736681242546744,1885.5240648581234
156.62648463249207,2580.1583411641814,2076.598854338367,9254.991250426498,-8.528989516356523,1,0.1,0.08207941055297852,0.9587075710296631,0.009982192,0.0035801055,2616.171796947403,3.8808090686798096,0.04772891247714535,0.029288267680569996,3700.5148535871676
151.17309260368347,2539.231898283736,1941.4379913935063,9620.387738680083,-18.364833781364275,1,0.1,0.07759523391723633,0.9365556240081787,0.009994086,0.0013226029,2608.4778070810366,3.789233684539795,0.06437166157351319,0.04198272245628628,3845.0266029458517
153.9236285686493,2893.0086696088447,2223.7213946998763,12779.212905763095,-9.4316087541211,1,0.1,0.0772709846496582,0.9541201591491699,0.010008825,0.0016036931,2636.9308933338175,3.786325454711914,0.05709247343380049,0.03394310253982597,2563.7266690909264
155.05044031143188,2836.704268582785,1958.7233819844707,10190.819346691229,-8.802811560809808,1,0.1,0.0769491195678711,0.9389941692352295,0.009959398,0.0013061768,2656.9082308587144,6.7868547439575195,0.052465371834069095,0.03034879780995237,3327.9175732228264
158.13316106796265,2789.507238623146,1900.7935827562776,8938.737816641991,-8.610538190730628,1,0.1,0.07778072357177734,0.9416985511779785,0.01004848,0.0012106865,2670.168131635158,4.481558084487915,0.040017755756849016,0.030125586386189042,3291.738163967476
153.1438217163086,2488.2444264733663,1883.624421654005,9113.826847095605,-9.312110459797935,1,0.1,0.07164812088012695,0.9308698177337646,0.010071788,0.00280278,2651.975761118979,3.9543161392211914,0.04998456906457321,0.03370148753318297,2244.5658631820843
153.6577525138855,2905.1445621873213,2005.570084709779,9219.064853430995,-9.168963628763175,1,0.1,0.07203865051269531,0.9382238388061523,0.010051064,0.0031794861,2677.292641225813,4.522937297821045,0.04860734126531654,0.03123777738542678,2730.9959802777175
152.12188410758972,2633.624681576174,1966.4630059360372,12328.152270816467,-9.264203064503057,1,0.1,0.07140231132507324,0.9355535507202148,0.010041397,0.0025277857,2672.925845260849,4.2448811531066895,0.06500185303403642,0.03786340927378801,3910.8213310313026
156.35389828681946,2937.369641117697,2213.36536255572,10402.14460794627,-10.08571948826391,1,0.1,0.07247376441955566,0.9329843521118164,0.010058451,0.0028933852,2699.3702248465343,3.914463758468628,0.04686453295816869,0.037687432792700516,3144.927576657471
154.07661390304565,2546.2145404685884,1783.387415759593,8787.056511227047,-10.65673274229222,1,0.1,0.07781291007995605,1.0033762454986572,0.009889727,0.0021644363,2684.05465640874,3.9265685081481934,0.07379879438994058,0.04166066932277033,3185.535177841333
152.82769894599915,2751.091002749406,2165.1127574530033,9341.511729419944,-10.970647681971867,1,0.1,0.07317709922790527,0.9327237606048584,0.010075899,0.003257241,2690.7582910428064,3.9351460933685303,0.050462274166027214,0.03484981246188448,2605.8308203196675
154.1032223701477,2667.696851987255,2283.9334358551178,10903.340112448956,-8.965577604395834,1,0.1,0.08282947540283203,0.9562036991119385,0.010054453,0.0011707684,2688.452147137251,3.8755173683166504,0.055385613167078636,0.037194198281893895,3336.1127964159705
154.1594042778015,2914.3343146234365,2150.099710229801,12535.997114364893,-9.362386764858744,1,0.1,0.08320736885070801,0.9539239406585693,0.010037095,0.0032113502,2711.0403638858697,3.821183681488037,0.049889819388395804,0.03238536534299967,3592.1402123132916
154.52683186531067,2718.305773166661,2208.9726931715813,9886.482794880643,-9.059431462176839,1,0.1,0.09243202209472656,0.9572348594665527,0.0099871205,0.0028537228,2711.766904813949,4.579960823059082,0.05683560358243141,0.043573799198844264,2482.3852823695797
153.63493824005127,2663.1121693807863,1957.4719281022667,9584.484431927867,-10.97884475071873,1,0.1,0.09553170204162598,0.9517157077789307,0.010029272,0.0013218903,2706.901431270633,5.2658233642578125,0.046869127507559505,0.030223853925673564,2866.9150273133655
152.49454760551453,2689.2774031648128,2062.6768412937804,10605.78994229475,-9.666950324593603,1,0.1,0.0738840103149414,0.9367077350616455,0.009997851,0.0028086335,2705.139028460051,3.9105985164642334,0.05638200621632282,0.03693696947164709,2496.832385738659
152.1690731048584,2767.872068990795,1841.8098911300156,10072.369804728425,-11.897256436871844,1,0.1,0.07157635688781738,0.9408919811248779,0.0100297835,0.0013415299,2711.412332513126,3.9355337619781494,0.05004559435463883,0.04085261049202103,2892.9567030473313
149.99056363105774,2489.872188413987,1834.9791588620872,8395.947753718869,-10.887781265839047,1,0.1,0.07171773910522461,0.9344885349273682,0.010052654,0.0029695833,2689.2583181032123,4.877707004547119,0.07138167366155121,0.03553067659041545,2934.843219699184
153.96488904953003,2694.838082855709,2100.159405623605,9508.155140490406,-9.378462943391645,1,0.1,0.07135725021362305,0.937556266784668,0.0100671435,0.0031721299,2689.816294578462,4.159541606903076,0.056555404408607915,0.03852622895991756,2994.91854246436
153.67881989479065,2606.391670106412,2288.829006677471,11557.649431604343,-8.874148856215976,1,0.1,0.07140922546386719,0.9436659812927246,0.010020236,0.0031991014,2681.473832131257,5.1045451164245605,0.058536539406378894,0.0359259431629179,2484.552643738308
157.5289351940155,2726.5765383991693,2221.400749224257,11336.883887044873,-10.138569894524778,1,0.1,0.07953190803527832,0.9428472518920898,0.010018165,0.0024053452,2685.9841027580483,4.096746921539307,0.04305306032421065,0.031346090183180596,2332.639367470673
157.99395847320557,2819.1655964516463,1993.4951924500142,10268.619288408028,-9.356551000867443,1,0.1,0.07162928581237793,0.9380645751953125,0.009956557,0.0019377967,2699.302252127408,3.7990942001342773,0.038038197371121255,0.023993162704384993,2471.495232586655
155.9297432899475,3000.8188861819053,2189.424172165449,12754.519368633773,-11.280949779193035,1,0.1,0.0716865062713623,0.9377174377441406,0.010000384,0.003219308,2729.4539155328575,3.803656578063965,0.04466290419151374,0.030716133556756283,2880.486728135501
160.7487108707428,2764.752163959731,2062.0708270713412,11067.898610020222,-8.712607404562572,1,0.1,0.09037017822265625,0.9559023380279541,0.010178817,0.0032842185,2732.9837403755446,3.889073610305786,0.04931926461294637,0.03116299841458569,2557.7315916836424
152.65855884552002,2720.184178128168,2054.823753309291,9579.711448446329,-10.519804714203811,1,0.1,0.07311534881591797,0.9417157173156738,0.01004451,0.0025147074,2731.703784150807,4.001509428024292,0.05887504681929153,0.0369465102763431,2551.444794933672
156.3401334285736,2671.480218318711,2008.1195864154747,10474.915131416565,-9.307557710322174,1,0.1,0.07126402854919434,0.9359190464019775,0.009980235,0.002823489,2725.681427567598,3.8401784896850586,0.05027152387590732,0.03646539087469253,3375.689676985671
153.34277725219727,2643.6229995778904,2077.654639833805,11501.314471370622,-8.730397552109377,1,0.1,0.07692217826843262,0.9334304332733154,0.010005901,0.0038606732,2717.4755847686274,3.80031681060791,0.05204447754585229,0.033180553891434365,2351.948376276451
150.89471125602722,2650.457671101925,2368.7805161796728,12725.474549144392,-9.051292930567572,1,0.1,0.07154536247253418,0.9444262981414795,0.009962122,0.0032933715,2710.7737934019574,5.012291669845581,0.05296101116919382,0.03819060326130802,3559.862285521933
153.84762954711914,2623.893201217477,1885.040076899286,9758.273538187683,-8.855473313590354,1,0.1,0.07789087295532227,0.951411247253418,0.009939746,0.0032771104,2702.085734183509,3.819929361343384,0.056370349035516076,0.04069376496859184,3276.522374917178
155.5346164703369,2732.548549603014,1976.5679032851606,9870.491630178074,-11.48355844378175,1,0.1,0.07188129425048828,0.9433584213256836,0.010097519,0.0028148575,2705.13201572546,3.8925914764404297,0.052051136828818775,0.03576380930883261,2821.3997469803135
153.35703134536743,2682.1448264327255,1967.4680457391448,8926.157638042392,-9.31145379387481,1,0.1,0.07171988487243652,0.9372141361236572,0.009979825,0.005011653,2702.833296796187,3.8388471603393555,0.04460514064170793,0.03378206215381796,3397.969085773587
158.882709980011,2564.426457623968,1991.1505054479198,9271.635103336213,-8.882702066020421,1,0.1,0.0737457275390625,0.9978985786437988,0.010035945,0.004454727,2688.9926128789652,3.7147011756896973,0.055345224418826895,0.04076431889236047,4117.723731621202
153.5189709663391,2586.2181758001893,2283.3739187677925,12227.401444922616,-12.540369319239321,1,0.1,0.07786178588867188,0.9449694156646729,0.010013876,0.0034024217,2678.715169171088,3.8945536613464355,0.05576286984354024,0.039523666961706415,2876.0186629899154
152.4725878238678,2744.0902708623903,2199.5959549771487,10041.343312689713,-10.779913046600683,1,0.1,0.08304023742675781,0.961489200592041,0.009980161,0.004536492,2685.252679340218,3.870553493499756,0.052502668265184585,0.032894115659687334,3185.221173573519
154.44902920722961,2961.477373511864,2130.222296067333,8436.087688698804,-9.443483329551515,1,0.1,0.08204960823059082,0.9595515727996826,0.009915413,0.0025643494,2712.8751487573827,3.8985798358917236,0.056485744766285796,0.036230608662636735,3173.699659392229
150.25462889671326,2679.2931391381953,1961.9896627708495,8397.338205193904,-9.716449839730178,1,0.1,0.08242273330688477,0.961463451385498,0.010008802,0.0050692856,2709.516947795464,3.854585647583008,0.05839664482118744,0.04228328505021501,3189.092723597166
155.0148196220398,2952.1433686231862,2189.965164033856,10041.598366062568,-19.068583270216454,1,0.1,0.08494281768798828,0.9576365947723389,0.010005997,0.0063173748,2733.7795898782365,3.9322986602783203,0.04060963503928594,0.02938168512281829,3666.2414830333537
151.8650484085083,2946.8248238302745,2325.7812143006686,11176.451838350118,-11.110961891838848,1,0.1,0.07433581352233887,0.9471426010131836,0.010006836,0.0036503342,2755.0841132734404,3.9187803268432617,0.058296073094867805,0.04035241118458689,2761.53495997097
155.10444521903992,3062.4764221308706,2203.678956188777,9270.454377924278,-11.234966621949377,1,0.1,0.07159543037414551,0.9333033561706543,0.010037939,0.0047781942,2785.8233441591838,3.9575130939483643,0.04105950472814342,0.02871087653752659,3172.242038563288
153.43863248825073,2907.927244543956,2209.992416197596,11383.98509459251,-10.610851083899497,1,0.1,0.07563400268554688,0.9425454139709473,0.010067369,0.004722015,2798.033734197661,3.8603403568267822,0.048733289598887876,0.03718854204589259,3114.1193302287074
150.41749453544617,3073.101558179054,2298.6494154594393,11737.753248683714,-9.054839986478013,1,0.1,0.07156610488891602,1.0071582794189453,0.010098697,0.0038382306,2825.5405165958005,3.8156886100769043,0.05054045112360479,0.03110433634766639,3343.1180933398114
153.16528010368347,2965.9334328208097,2099.7440162542016,12386.293022165202,-9.215913661474936,1,0.1,0.07155609130859375,0.961920976638794,0.01002875,0.00422299,2839.5798082183014,4.085578918457031,0.057771512423491225,0.03680872344812195,2334.201614666912
153.52371525764465,2754.110958167815,1924.1898522070087,10735.847142565222,-9.025286263952658,1,0.1,0.07552909851074219,0.9663240909576416,0.010010611,0.00334313,2831.032923213253,3.8432486057281494,0.05832159556613689,0.039069020597093426,4746.559254335798
158.7452313899994,3069.255352850055,2345.4758345043706,11884.750651950724,-9.110786505268928,1,0.1,0.07190585136413574,0.9600036144256592,0.0099663315,0.0032817763,2854.8551661769334,4.089094638824463,0.04391233213778667,0.027227240288746197,3585.581525265103
150.07576704025269,2787.9204939645215,2345.7753836947636,13289.63434309785,-19.625807489636813,1,0.1,0.08953666687011719,0.9774727821350098,0.009998828,0.0049848007,2848.1616989556924,3.819073438644409,0.05150349143262464,0.036867626486147,3046.1978834758384
156.2949402332306,2896.688541512893,2082.6127962252967,11419.708814705786,-10.076772112957126,1,0.1,0.08186531066894531,0.9745471477508545,0.0099652,0.0044472176,2853.0143832114127,3.8272013664245605,0.06550602546423376,0.035132625723429206,3310.005547555154
151.11544466018677,2970.020428179428,2432.3124806121127,12236.475384395912,-9.943216928717842,1,0.1,0.08215022087097168,0.9562501907348633,0.010006934,0.0049522775,2864.7149877082143,3.82586932182312,0.04710713844393114,0.033059748432646585,2948.352893893919
153.51917266845703,2597.1059189311372,2040.5977019167292,10449.511287697915,-11.528909386100988,1,0.1,0.07416009902954102,0.9445953369140625,0.010016995,0.0047572595,2837.954080830507,3.780965566635132,0.06210032271909286,0.037237298893749195,2955.7642745171165
154.8564281463623,2908.9111943109974,2255.8653153508985,11430.322570474977,-12.245152948348062,1,0.1,0.07248640060424805,0.9367771148681641,0.009982933,0.0029590353,2845.0497921785563,5.053224086761475,0.04971622162008791,0.03353279608609009,2584.318221047562
157.45986819267273,2938.971402243405,2218.404783669866,14250.20146279145,-7.551517435436493,1,0.1,0.0718379020690918,0.941199779510498,0.00999002,0.0035704593,2854.4419531850413,3.853614568710327,0.05953191837897195,0.036670439261523184,3537.0943104234625
162.31614232063293,2743.029521137359,2095.1032106791436,10695.920282595493,-10.820667584569385,1,0.1,0.08540844917297363,0.9592440128326416,0.010004962,0.004685495,2843.300709980273,3.822169065475464,0.052965779325021216,0.03199022820887837,2874.9393204736884
152.7679545879364,2902.436747708907,2234.4967965228448,11009.273625453374,-10.196443042780261,1,0.1,0.08285760879516602,0.9571771621704102,0.010002261,0.0055103824,2849.2143137531366,4.155307769775391,0.04769861097919473,0.0322711132314689,3244.265486609262
155.7350082397461,3158.2591101161343,2046.2201149581622,9596.711010840558,-9.498225183487536,1,0.1,0.08157539367675781,0.9556598663330078,0.010143657,0.006129067,2880.118793389436,3.6831324100494385,0.046139304667922404,0.029877714439434856,2916.4368540898895
158.25677371025085,2914.6018847683486,2176.1170290754526,10277.9126228268,-10.511184586653336,1,0.1,0.08886027336120605,0.9604165554046631,0.010040678,0.004364488,2883.5671025273277,3.9629878997802734,0.04325264542397681,0.031555949982301455,3564.5854004909706
155.17610454559326,2973.325792262686,2175.2281398732894,9995.315313638912,-9.367359902541835,1,0.1,0.08186483383178711,0.9585616588592529,0.010010832,0.005214003,2892.5429715008636,3.920332908630371,0.04127364329432013,0.028469323153221485,2825.8530688842775
153.2706537246704,2700.7067814804077,1958.0377101776955,8503.930284980197,-4.101452168301744,1,0.1,0.07178497314453125,0.9404816627502441,0.010021601,0.005025196,2873.359352498818,4.355414628982544,0.06521660225653958,0.04010578025919682,3789.199576485742
147.13980102539062,2847.445541583737,2113.57488442105,10920.549362681395,-8.695979667267858,1,0.1,0.0764777660369873,0.9541676044464111,0.009944796,0.005425539,2870.76797140731,4.205999135971069,0.05384440648583732,0.03357211899848214,3473.6160550735867
159.1341438293457,2949.0767561851126,2248.354883112333,10950.196346429399,-9.019137981077051,1,0.1,0.07944202423095703,0.9417505264282227,0.010013631,0.0055678743,2878.5988498850907,3.846174478530884,0.044798914461622374,0.0358779343329331,4497.161545389974
152.3498740196228,3167.601421816574,2246.3976798642775,12565.909118283442,-8.971956458064279,1,0.1,0.07210183143615723,0.9323902130126953,0.010115482,0.0047178436,2907.4991070782394,3.811657190322876,0.047576438024272014,0.026005564600121902,3591.92946544437
153.7640459537506,3026.2800683278156,2114.4943552012674,9949.971267600711,-11.451093745937188,1,0.1,0.07495260238647461,0.9392237663269043,0.009953702,0.0046284213,2919.377203203197,3.879014492034912,0.03650691133104748,0.024053356269839374,4250.64085796296
160.16169047355652,2739.255798955129,2062.9758352795416,11781.862592862817,-8.912600782918647,1,0.1,0.07158660888671875,0.9347405433654785,0.009988825,0.0032179288,2901.36506277839,3.8445093631744385,0.0613154734324034,0.03661624351767605,4055.858648651414
159.89144039154053,3119.2061475407536,2306.6853826209453,11272.108194901644,-8.035109141352908,1,0.1,0.07213735580444336,0.9422411918640137,0.010080903,0.0039821253,2923.1491712546263,3.6407577991485596,0.04726003165530354,0.02797893157081814,3422.798727161401
158.69032979011536,3396.5953355669776,2337.721954450995,12448.77305951246,-10.450835259076262,1,0.1,0.08600068092346191,0.954754114151001,0.010002328,0.0036455407,2970.493787685861,4.334834575653076,0.046885124957242806,0.029455816080848813,3095.2702488427344
159.8607861995697,3301.2990426315146,2002.931701533764,9535.939636899344,-8.887437626240057,1,0.1,0.09200906753540039,0.9561033248901367,0.010066515,0.0042865067,3003.5743131804265,3.808359146118164,0.040150191793647025,0.025802449329580132,3055.558279678543
167.6616108417511,3446.9201075782416,2468.552870673796,10697.213336586477,-7.399350159755865,1,0.1,0.07157588005065918,0.9431910514831543,0.009912363,0.0039775693,3047.9088926202085,5.345398426055908,0.037654206361920746,0.022829316593076483,3900.7182731841967
160.22253918647766,3216.0478782184364,2157.7150566547316,11000.68000325548,-21.064297335971972,1,0.1,0.07385849952697754,0.9392824172973633,0.010165626,0.0053888243,3064.7227911800314,4.083005428314209,0.03921186564608227,0.027196024462520483,4073.2345808617056
159.68704557418823,3368.0742109555704,2283.9790800654278,12295.144494365228,-11.548791131062083,1,0.1,0.07188963890075684,0.951606035232544,0.0100510605,0.004986417,3095.0579331575855,3.9844934940338135,0.037109355784924546,0.023591730928341714,3817.1989986872663
156.61222863197327,3147.4825227629217,2289.8080768490054,11734.398325074006,-9.29373546953078,1,0.1,0.07176971435546875,0.9518165588378906,0.010028039,0.0052327025,3100.300392118119,3.922220468521118,0.04441963630225284,0.030497975944986027,3575.7716815998915
162.1735761165619,3557.084243467947,2286.8016630542284,11976.7174529686,-9.413754896328701,1,0.1,0.0715487003326416,0.9385764598846436,0.009990561,0.0054769893,3145.9787772531017,3.9256715774536133,0.03685666194403454,0.02543339532314522,3706.98988565767
156.78863501548767,3332.62473858864,2309.9775084537137,10671.013644717692,-11.284392740226489,1,0.1,0.07159972190856934,0.933682918548584,0.010050864,0.00471041,3164.643373386656,4.036930084228516,0.04176303872576052,0.02914527371876494,3603.7887878006504
158.55898928642273,3161.4294220122115,2320.4203938328715,10360.5177065734,-7.099610547305491,1,0.1,0.07636761665344238,0.9547123908996582,0.009970273,0.0058322465,3164.3219782492115,3.809237480163574,0.03871103667949249,0.028544810545146525,2965.342417000454
162.30580067634583,3205.942454060169,2293.9587665162762,11364.69853189293,-11.680829286137895,1,0.1,0.07148385047912598,0.9343550205230713,0.010102276,0.0066081136,3168.4840258303075,3.932617425918579,0.03956496715575671,0.02609784623927894,4465.030572345475
163.56101727485657,3301.9337144438864,2141.1497882804492,10280.552036534835,-9.811977796283177,1,0.1,0.07173657417297363,0.9353487491607666,0.01000912,0.0054812436,3181.8289946916652,3.772296190261841,0.039410328414335026,0.02614602060191932,4078.566244014004
157.97334241867065,3268.1980555010323,2116.312916382739,10004.041933221426,-9.845923659038233,1,0.1,0.07309436798095703,0.9379763603210449,0.009984445,0.0049577174,3190.4659007726023,4.225787878036499,0.04198302630538127,0.026003655380263488,4303.941882406466
157.46930646896362,3403.6630441122297,2380.925851638014,9727.589129721393,-9.627275651048443,1,0.1,0.08289361000061035,0.9570660591125488,0.010070848,0.00591527,3211.7856151065653,3.851874351501465,0.05028287607483454,0.03189526213313825,3159.354417708232
155.65433430671692,3240.180299984441,2335.6077585620646,10581.170920025656,-10.73198674342011,1,0.1,0.07518506050109863,0.9581332206726074,0.01003881,0.0063152234,3214.625083594353,5.652182340621948,0.045498729474407584,0.025778173423218045,3241.6427519465547
159.69572806358337,3143.3617460828136,2646.49633389385,12825.570513623405,-10.093537768943115,1,0.1,0.08170366287231445,0.9549646377563477,0.010002784,0.0060994453,3207.498749843199,3.8923680782318115,0.0508246831843184,0.0356783381762963,3417.5311035534532
164.63410019874573,3613.9412082365225,2412.069509451266,12668.52528033952,-10.650445312062013,1,0.1,0.07141876220703125,0.9334893226623535,0.010034477,0.005968101,3248.142995682532,4.695159435272217,0.05218756141990422,0.029303597613820346,4244.8901046482215
165.43539905548096,3752.020456876978,2635.057567567376,12134.531258263474,-12.13238238410456,1,0.1,0.07735228538513184,0.9392755031585693,0.010024602,0.0055023385,3298.5307418019765,3.904411792755127,0.034559873519736856,0.024975818972810895,4509.892925745377
170.76568984985352,3550.923896264672,2686.5718092045386,12388.267379142962,-11.82997179073965,1,0.1,0.07174229621887207,0.9320056438446045,0.009969319,0.005667856,3323.7700572482463,4.493623733520508,0.03800345499525591,0.025351533261670414,4820.834626025978
160.48293018341064,3645.963217852375,2512.5947722451583,12778.69732631845,-12.807569815019612,1,0.1,0.07565069198608398,0.9514670372009277,0.010050342,0.0054294737,3355.989373308659,5.974797964096069,0.03518897719501187,0.023377613440186545,3916.442885248115
160.8000524044037,3836.9114374133037,2767.285762892902,11809.742677935847,-10.128934320233432,1,0.1,0.07688784599304199,0.9389352798461914,0.010025185,0.005103048,3404.081579719124,3.8992254734039307,0.030204760755333075,0.019891381223429212,3876.882564846296
160.46510291099548,3642.1837282211345,2573.3484766569836,12670.037038452369,-10.561609609418781,1,0.1,0.09050321578979492,0.959700345993042,0.010086238,0.0052372175,3427.891794569325,3.7218823432922363,0.04184591914900762,0.03332254232097549,3590.982254686187
160.3371865749359,3605.622375897562,2655.1289845514875,12165.712807001708,-11.666454967353692,1,0.1,0.08714056015014648,0.9599485397338867,0.010009087,0.0058594667,3445.664852702149,3.8368635177612305,0.04875981633491242,0.028111041665490197,4391.845496529302
159.54570245742798,3661.4151376970576,2563.8459150929975,10164.580004630794,-10.484484707048924,1,0.1,0.07905721664428711,0.9521222114562988,0.010021368,0.005550453,3467.23988120164,3.852862596511841,0.033955804297795836,0.02420847791179932,4089.1073033787216
161.32734179496765,3530.6918837447533,2741.8270005788195,12957.818422315057,-9.330581107681414,1,0.1,0.08609127998352051,0.958463191986084,0.0100426115,0.0053397343,3473.5850814559512,5.541569471359253,0.03808269250480268,0.024389443371320173,4105.9939784816925
164.36147713661194,3464.1709081757263,2578.22652421918,10278.617953401956,-10.834788249905204,1,0.1,0.0762777328491211,0.9328558444976807,0.010068402,0.006057584,3472.643664127929,4.371400594711304,0.03423612748282088,0.02287341469850559,4063.0710640030134
166.56055426597595,3854.725749916257,2508.333641490589,10979.232913161297,-9.517224593144709,1,0.1,0.07860302925109863,0.9574193954467773,0.010048794,0.0062454753,3510.8518727067617,3.7613589763641357,0.031598745546399486,0.02413223598710348,5459.8653681183205
161.79578280448914,4179.235463704838,2847.2372634743683,12235.365225289337,-11.326124854392372,1,0.1,0.07492208480834961,0.9585604667663574,0.01007666,0.005141374,3577.6902318065695,4.501919984817505,0.030819680086975294,0.019668515419103264,4300.641215205203
158.64484000205994,3519.0537141120653,2506.681472708166,12582.1979738995,-8.708279421179192,1,0.1,0.07151412963867188,0.9651567935943604,0.010002957,0.006746353,3571.826580037119,4.1952269077301025,0.03872606240106682,0.02595320561728313,5161.270363199752
163.43730640411377,3789.1325316105012,2833.6784555698255,14099.091470261968,-9.813926946110275,1,0.1,0.07718563079833984,0.9572410583496094,0.0100607015,0.005653978,3593.5571751944576,3.7046141624450684,0.04251141911637658,0.03331774373387626,4813.254052146085
160.39812469482422,3793.5602208934815,2824.4706718740767,11336.976407338636,-10.024580299969092,1,0.1,0.0784766674041748,0.9620041847229004,0.010019191,0.004764215,3613.5574797643603,3.816267251968384,0.05137393902242454,0.02812311097655537,3843.49894678985
162.16000413894653,3876.568290735345,2847.7136275088055,12615.132769091888,-17.676849862184707,1,0.1,0.0776517391204834,0.9795479774475098,0.010012691,0.005310483,3639.858560861459,3.820521593093872,0.037472446343197026,0.02639926690558865,5321.43084446625
166.76088786125183,4021.093787373775,2694.4837388475325,12080.58073548604,-9.22988146226246,1,0.1,0.07733893394470215,0.9998257160186768,0.010006883,0.005405315,3677.9820835126907,4.443115234375,0.038691785160768356,0.02823904253214139,4350.316206757201
162.89149641990662,4065.2976370077517,3019.052167150698,12876.820358693578,-10.398338603477997,1,0.1,0.07170915603637695,0.9443511962890625,0.010018443,0.005212393,3716.713638862197,3.91430401802063,0.04188674713459866,0.023161566199001886,4496.858820590593
162.33527326583862,3811.3352245862375,2665.5731691983774,12353.067354939809,-10.786501882990114,1,0.1,0.07807087898254395,0.9488773345947266,0.009987156,0.005467061,3726.175797434601,3.8042514324188232,0.03442465828445017,0.0238051888426469,3415.564446851412
163.04574871063232,4025.648766306479,2816.30509307959,12274.06858274367,-10.089946409063245,1,0.1,0.0781545639038086,0.9486193656921387,0.010022749,0.0054426217,3756.1230943217893,3.807939291000366,0.03450565130534686,0.023241165268195692,4258.215540069369
159.51951384544373,3608.9556719598595,2658.033767302949,11599.688274403781,-10.707827197748564,1,0.1,0.08301138877868652,0.9714105129241943,0.010039458,0.005963752,3741.4063520855966,3.9616880416870117,0.038073970932069365,0.027878672907679532,4542.032555759337
159.18356013298035,3438.2847380414955,2585.678376067143,10662.137688369143,-12.084742025687984,1,0.1,0.08477544784545898,0.9636573791503906,0.010080634,0.0065645967,3711.094190681187,4.266761541366577,0.03787156598453174,0.026258367320742326,3712.612308795515
164.42795610427856,4101.809659708577,2941.374227178705,11466.034636390925,-11.003193353393186,1,0.1,0.071441650390625,0.943810224533081,0.009939031,0.0049963966,3750.165737583926,3.804070472717285,0.03836886173545365,0.023773149442218953,4693.485606936328
162.40950989723206,3887.335258436761,2675.9529226257796,14202.523942289523,-13.580918012671818,1,0.1,0.07856631278991699,0.9557962417602539,0.010020511,0.0055176867,3763.8826896692094,3.89253830909729,0.035846573261958614,0.02155257908674504,4863.194334986614
163.7222261428833,3891.320500248791,2822.9652956618147,11787.127849286102,-19.749836380339534,1,0.1,0.08257555961608887,0.9654076099395752,0.010020824,0.005300179,3776.6264707271675,4.154194116592407,0.036034214827551383,0.025510878838609988,3748.8483193041566
165.23104119300842,3871.8374558331398,2586.8617555090395,11024.257633019542,-20.779933636658917,1,0.1,0.07146787643432617,0.9416170120239258,0.009981603,0.0065541477,3786.1475692377653,4.509222984313965,0.02941304570662583,0.022311666106381894,4067.146507663965
161.17569971084595,3809.889379551704,2494.7361907392446,10346.856037848738,-10.497198308621096,1,0.1,0.07161951065063477,0.9541542530059814,0.010023961,0.005421784,3788.5217502691594,3.8817012310028076,0.040476270195009746,0.02576000716966988,5087.605823683645
159.13459062576294,4139.722347442977,2958.1127039179496,11479.742243379556,-9.824676316372225,1,0.1,0.07448625564575195,0.9461925029754639,0.0100221755,0.00527266,3823.641809986541,3.8848700523376465,0.03389827606615287,0.021378659742852392,5304.304882881331
161.56777095794678,3933.6486826723617,2553.0478676961925,10804.359484882638,-5.937386025345188,1,0.1,0.07159614562988281,0.9503078460693359,0.009938562,0.005887033,3834.642497255123,3.7838518619537354,0.029890583189145323,0.02077435443750959,3910.2114903178285
160.11292338371277,3632.8119689776677,2695.0702425001336,11657.343948674292,-10.827972913746644,1,0.1,0.09238600730895996,0.9662261009216309,0.0100553585,0.006428912,3814.4594444273775,4.157923936843872,0.034478806648497166,0.024026866471018263,5652.090386067186
161.2132830619812,4199.531500739641,2874.0865432696337,11580.66020652414,-9.662910609740155,1,0.1,0.07783699035644531,0.9449594020843506,0.00998455,0.0058889296,3852.966650058604,4.391526937484741,0.03055661792686934,0.022017412363724374,4835.880747351807
165.93906426429749,4196.261447886678,2753.8175004965565,11788.3578561658,-10.21856602073011,1,0.1,0.07378244400024414,0.9479031562805176,0.010034753,0.0057345997,3887.2961298414116,3.8619675636291504,0.03528644114485996,0.025305751578500558,4351.002753287724
